,raceId,RaceName,driverId,DriverName,lap,position,time,miliseconds
0,1012,Chinese Grand Prix,1,HAM,1,1,1:46.407,106407
1,1012,Chinese Grand Prix,1,HAM,2,1,1:48.693,108693
2,1012,Chinese Grand Prix,1,HAM,3,1,1:38.119,98119
3,1012,Chinese Grand Prix,1,HAM,4,1,1:38.522,98522
4,1012,Chinese Grand Prix,1,HAM,5,1,1:38.501,98501
5,1012,Chinese Grand Prix,1,HAM,6,1,1:38.524,98524
6,1012,Chinese Grand Prix,1,HAM,7,1,1:38.411,98411
7,1012,Chinese Grand Prix,1,HAM,8,1,1:38.296,98296
8,1012,Chinese Grand Prix,1,HAM,9,1,1:38.265,98265
9,1012,Chinese Grand Prix,1,HAM,10,1,1:38.594,98594
10,1012,Chinese Grand Prix,1,HAM,11,1,1:38.328,98328
11,1012,Chinese Grand Prix,1,HAM,12,1,1:38.610,98610
12,1012,Chinese Grand Prix,1,HAM,13,1,1:38.805,98805
13,1012,Chinese Grand Prix,1,HAM,14,1,1:38.603,98603
14,1012,Chinese Grand Prix,1,HAM,15,1,1:38.983,98983
15,1012,Chinese Grand Prix,1,HAM,16,1,1:38.956,98956
16,1012,Chinese Grand Prix,1,HAM,17,1,1:39.009,99009
17,1012,Chinese Grand Prix,1,HAM,18,1,1:39.145,99145
18,1012,Chinese Grand Prix,1,HAM,19,1,1:38.988,98988
19,1012,Chinese Grand Prix,1,HAM,20,1,1:39.296,99296
20,1012,Chinese Grand Prix,1,HAM,21,1,1:39.378,99378
21,1012,Chinese Grand Prix,1,HAM,22,1,1:44.331,104331
22,1012,Chinese Grand Prix,1,HAM,23,1,1:55.832,115832
23,1012,Chinese Grand Prix,1,HAM,24,1,1:36.877,96877
24,1012,Chinese Grand Prix,1,HAM,25,1,1:36.870,96870
25,1012,Chinese Grand Prix,1,HAM,26,1,1:36.882,96882
26,1012,Chinese Grand Prix,1,HAM,27,1,1:37.112,97112
27,1012,Chinese Grand Prix,1,HAM,28,1,1:36.822,96822
28,1012,Chinese Grand Prix,1,HAM,29,1,1:37.511,97511
29,1012,Chinese Grand Prix,1,HAM,30,1,1:37.347,97347
30,1012,Chinese Grand Prix,1,HAM,31,1,1:37.476,97476
31,1012,Chinese Grand Prix,1,HAM,32,1,1:37.411,97411
32,1012,Chinese Grand Prix,1,HAM,33,1,1:37.180,97180
33,1012,Chinese Grand Prix,1,HAM,34,1,1:36.645,96645
34,1012,Chinese Grand Prix,1,HAM,35,1,1:37.980,97980
35,1012,Chinese Grand Prix,1,HAM,36,1,1:41.694,101694
36,1012,Chinese Grand Prix,1,HAM,37,1,1:56.038,116038
37,1012,Chinese Grand Prix,1,HAM,38,1,1:36.049,96049
38,1012,Chinese Grand Prix,1,HAM,39,1,1:35.936,95936
39,1012,Chinese Grand Prix,1,HAM,40,1,1:36.023,96023
40,1012,Chinese Grand Prix,1,HAM,41,1,1:36.242,96242
41,1012,Chinese Grand Prix,1,HAM,42,1,1:36.383,96383
42,1012,Chinese Grand Prix,1,HAM,43,1,1:36.307,96307
43,1012,Chinese Grand Prix,1,HAM,44,1,1:36.590,96590
44,1012,Chinese Grand Prix,1,HAM,45,1,1:36.272,96272
45,1012,Chinese Grand Prix,1,HAM,46,1,1:36.467,96467
46,1012,Chinese Grand Prix,1,HAM,47,1,1:35.892,95892
47,1012,Chinese Grand Prix,1,HAM,48,1,1:36.541,96541
48,1012,Chinese Grand Prix,1,HAM,49,1,1:36.468,96468
49,1012,Chinese Grand Prix,1,HAM,50,1,1:36.450,96450
50,1012,Chinese Grand Prix,1,HAM,51,1,1:37.384,97384
51,1012,Chinese Grand Prix,1,HAM,52,1,1:36.889,96889
52,1012,Chinese Grand Prix,1,HAM,53,1,1:36.765,96765
53,1012,Chinese Grand Prix,1,HAM,54,1,1:36.266,96266
54,1012,Chinese Grand Prix,1,HAM,55,1,1:36.358,96358
55,1012,Chinese Grand Prix,1,HAM,56,1,1:36.627,96627
56,1012,Chinese Grand Prix,822,BOT,1,2,1:48.391,108391
57,1012,Chinese Grand Prix,822,BOT,2,2,1:47.756,107756
58,1012,Chinese Grand Prix,822,BOT,3,2,1:38.543,98543
59,1012,Chinese Grand Prix,822,BOT,4,2,1:38.638,98638
60,1012,Chinese Grand Prix,822,BOT,5,2,1:38.742,98742
61,1012,Chinese Grand Prix,822,BOT,6,2,1:38.698,98698
62,1012,Chinese Grand Prix,822,BOT,7,2,1:38.933,98933
63,1012,Chinese Grand Prix,822,BOT,8,2,1:38.730,98730
64,1012,Chinese Grand Prix,822,BOT,9,2,1:38.641,98641
65,1012,Chinese Grand Prix,822,BOT,10,2,1:38.300,98300
66,1012,Chinese Grand Prix,822,BOT,11,2,1:38.730,98730
67,1012,Chinese Grand Prix,822,BOT,12,2,1:39.224,99224
68,1012,Chinese Grand Prix,822,BOT,13,2,1:38.903,98903
69,1012,Chinese Grand Prix,822,BOT,14,2,1:39.099,99099
70,1012,Chinese Grand Prix,822,BOT,15,2,1:38.939,98939
71,1012,Chinese Grand Prix,822,BOT,16,2,1:39.286,99286
72,1012,Chinese Grand Prix,822,BOT,17,2,1:39.195,99195
73,1012,Chinese Grand Prix,822,BOT,18,2,1:39.288,99288
74,1012,Chinese Grand Prix,822,BOT,19,2,1:39.294,99294
75,1012,Chinese Grand Prix,822,BOT,20,2,1:39.241,99241
76,1012,Chinese Grand Prix,822,BOT,21,2,1:43.863,103863
77,1012,Chinese Grand Prix,822,BOT,22,3,1:55.432,115432
78,1012,Chinese Grand Prix,822,BOT,23,2,1:36.690,96690
79,1012,Chinese Grand Prix,822,BOT,24,2,1:36.558,96558
80,1012,Chinese Grand Prix,822,BOT,25,2,1:36.740,96740
81,1012,Chinese Grand Prix,822,BOT,26,2,1:37.398,97398
82,1012,Chinese Grand Prix,822,BOT,27,2,1:37.560,97560
83,1012,Chinese Grand Prix,822,BOT,28,2,1:37.461,97461
84,1012,Chinese Grand Prix,822,BOT,29,2,1:37.607,97607
85,1012,Chinese Grand Prix,822,BOT,30,2,1:37.535,97535
86,1012,Chinese Grand Prix,822,BOT,31,2,1:37.778,97778
87,1012,Chinese Grand Prix,822,BOT,32,2,1:37.804,97804
88,1012,Chinese Grand Prix,822,BOT,33,2,1:38.121,98121
89,1012,Chinese Grand Prix,822,BOT,34,2,1:37.791,97791
90,1012,Chinese Grand Prix,822,BOT,35,2,1:37.298,97298
91,1012,Chinese Grand Prix,822,BOT,36,2,1:41.470,101470
92,1012,Chinese Grand Prix,822,BOT,37,3,1:56.223,116223
93,1012,Chinese Grand Prix,822,BOT,38,3,1:34.872,94872
94,1012,Chinese Grand Prix,822,BOT,39,2,1:37.212,97212
95,1012,Chinese Grand Prix,822,BOT,40,2,1:37.116,97116
96,1012,Chinese Grand Prix,822,BOT,41,2,1:36.791,96791
97,1012,Chinese Grand Prix,822,BOT,42,2,1:37.043,97043
98,1012,Chinese Grand Prix,822,BOT,43,2,1:36.818,96818
99,1012,Chinese Grand Prix,822,BOT,44,2,1:35.938,95938
100,1012,Chinese Grand Prix,822,BOT,45,2,1:35.921,95921
101,1012,Chinese Grand Prix,822,BOT,46,2,1:35.829,95829
102,1012,Chinese Grand Prix,822,BOT,47,2,1:36.338,96338
103,1012,Chinese Grand Prix,822,BOT,48,2,1:36.655,96655
104,1012,Chinese Grand Prix,822,BOT,49,2,1:36.240,96240
105,1012,Chinese Grand Prix,822,BOT,50,2,1:36.518,96518
106,1012,Chinese Grand Prix,822,BOT,51,2,1:36.583,96583
107,1012,Chinese Grand Prix,822,BOT,52,2,1:36.633,96633
108,1012,Chinese Grand Prix,822,BOT,53,2,1:36.878,96878
109,1012,Chinese Grand Prix,822,BOT,54,2,1:36.896,96896
110,1012,Chinese Grand Prix,822,BOT,55,2,1:36.306,96306
111,1012,Chinese Grand Prix,822,BOT,56,2,1:36.415,96415
112,1012,Chinese Grand Prix,844,LEC,1,3,1:50.061,110061
113,1012,Chinese Grand Prix,844,LEC,2,3,1:47.918,107918
114,1012,Chinese Grand Prix,844,LEC,3,3,1:38.637,98637
115,1012,Chinese Grand Prix,844,LEC,4,3,1:38.849,98849
116,1012,Chinese Grand Prix,844,LEC,5,3,1:38.970,98970
117,1012,Chinese Grand Prix,844,LEC,6,3,1:38.743,98743
118,1012,Chinese Grand Prix,844,LEC,7,3,1:39.101,99101
119,1012,Chinese Grand Prix,844,LEC,8,3,1:38.912,98912
120,1012,Chinese Grand Prix,844,LEC,9,3,1:38.915,98915
121,1012,Chinese Grand Prix,844,LEC,10,3,1:38.981,98981
122,1012,Chinese Grand Prix,844,LEC,11,4,1:40.993,100993
123,1012,Chinese Grand Prix,844,LEC,12,4,1:39.608,99608
124,1012,Chinese Grand Prix,844,LEC,13,4,1:39.759,99759
125,1012,Chinese Grand Prix,844,LEC,14,4,1:39.587,99587
126,1012,Chinese Grand Prix,844,LEC,15,4,1:39.688,99688
127,1012,Chinese Grand Prix,844,LEC,16,4,1:39.914,99914
128,1012,Chinese Grand Prix,844,LEC,17,4,1:39.985,99985
129,1012,Chinese Grand Prix,844,LEC,18,3,1:40.358,100358
130,1012,Chinese Grand Prix,844,LEC,19,3,1:39.756,99756
131,1012,Chinese Grand Prix,844,LEC,20,3,1:40.331,100331
132,1012,Chinese Grand Prix,844,LEC,21,3,1:40.536,100536
133,1012,Chinese Grand Prix,844,LEC,22,2,1:45.360,105360
134,1012,Chinese Grand Prix,844,LEC,23,5,1:56.967,116967
135,1012,Chinese Grand Prix,844,LEC,24,5,1:37.400,97400
136,1012,Chinese Grand Prix,844,LEC,25,5,1:37.564,97564
137,1012,Chinese Grand Prix,844,LEC,26,5,1:37.348,97348
138,1012,Chinese Grand Prix,844,LEC,27,5,1:37.445,97445
139,1012,Chinese Grand Prix,844,LEC,28,5,1:37.132,97132
140,1012,Chinese Grand Prix,844,LEC,29,5,1:37.103,97103
141,1012,Chinese Grand Prix,844,LEC,30,5,1:37.236,97236
142,1012,Chinese Grand Prix,844,LEC,31,5,1:37.492,97492
143,1012,Chinese Grand Prix,844,LEC,32,5,1:37.571,97571
144,1012,Chinese Grand Prix,844,LEC,33,5,1:37.853,97853
145,1012,Chinese Grand Prix,844,LEC,34,4,1:37.818,97818
146,1012,Chinese Grand Prix,844,LEC,35,4,1:37.738,97738
147,1012,Chinese Grand Prix,844,LEC,36,3,1:37.491,97491
148,1012,Chinese Grand Prix,844,LEC,37,2,1:37.784,97784
149,1012,Chinese Grand Prix,844,LEC,38,2,1:37.466,97466
150,1012,Chinese Grand Prix,844,LEC,39,3,1:38.333,98333
151,1012,Chinese Grand Prix,844,LEC,40,3,1:38.390,98390
152,1012,Chinese Grand Prix,844,LEC,41,3,1:37.775,97775
153,1012,Chinese Grand Prix,844,LEC,42,4,1:42.844,102844
154,1012,Chinese Grand Prix,844,LEC,43,5,1:57.267,117267
155,1012,Chinese Grand Prix,844,LEC,44,5,1:35.774,95774
156,1012,Chinese Grand Prix,844,LEC,45,5,1:34.860,94860
157,1012,Chinese Grand Prix,844,LEC,46,5,1:35.676,95676
158,1012,Chinese Grand Prix,844,LEC,47,5,1:36.136,96136
159,1012,Chinese Grand Prix,844,LEC,48,5,1:35.888,95888
160,1012,Chinese Grand Prix,844,LEC,49,5,1:36.073,96073
161,1012,Chinese Grand Prix,844,LEC,50,5,1:36.149,96149
162,1012,Chinese Grand Prix,844,LEC,51,5,1:36.243,96243
163,1012,Chinese Grand Prix,844,LEC,52,5,1:35.916,95916
164,1012,Chinese Grand Prix,844,LEC,53,5,1:36.129,96129
165,1012,Chinese Grand Prix,844,LEC,54,5,1:36.314,96314
166,1012,Chinese Grand Prix,844,LEC,55,5,1:36.986,96986
167,1012,Chinese Grand Prix,844,LEC,56,5,1:36.503,96503
168,1012,Chinese Grand Prix,20,VET,1,4,1:50.733,110733
169,1012,Chinese Grand Prix,20,VET,2,4,1:47.915,107915
170,1012,Chinese Grand Prix,20,VET,3,4,1:38.643,98643
171,1012,Chinese Grand Prix,20,VET,4,4,1:38.892,98892
172,1012,Chinese Grand Prix,20,VET,5,4,1:38.976,98976
173,1012,Chinese Grand Prix,20,VET,6,4,1:38.839,98839
174,1012,Chinese Grand Prix,20,VET,7,4,1:39.112,99112
175,1012,Chinese Grand Prix,20,VET,8,4,1:38.933,98933
176,1012,Chinese Grand Prix,20,VET,9,4,1:38.956,98956
177,1012,Chinese Grand Prix,20,VET,10,4,1:38.906,98906
178,1012,Chinese Grand Prix,20,VET,11,3,1:39.109,99109
179,1012,Chinese Grand Prix,20,VET,12,3,1:39.493,99493
180,1012,Chinese Grand Prix,20,VET,13,3,1:39.874,99874
181,1012,Chinese Grand Prix,20,VET,14,3,1:39.433,99433
182,1012,Chinese Grand Prix,20,VET,15,3,1:39.762,99762
183,1012,Chinese Grand Prix,20,VET,16,3,1:39.656,99656
184,1012,Chinese Grand Prix,20,VET,17,3,1:39.790,99790
185,1012,Chinese Grand Prix,20,VET,18,4,1:45.026,105026
186,1012,Chinese Grand Prix,20,VET,19,5,1:56.840,116840
187,1012,Chinese Grand Prix,20,VET,20,4,1:36.998,96998
188,1012,Chinese Grand Prix,20,VET,21,4,1:37.150,97150
189,1012,Chinese Grand Prix,20,VET,22,4,1:37.554,97554
190,1012,Chinese Grand Prix,20,VET,23,3,1:37.444,97444
191,1012,Chinese Grand Prix,20,VET,24,3,1:37.787,97787
192,1012,Chinese Grand Prix,20,VET,25,3,1:37.690,97690
193,1012,Chinese Grand Prix,20,VET,26,3,1:37.718,97718
194,1012,Chinese Grand Prix,20,VET,27,3,1:37.450,97450
195,1012,Chinese Grand Prix,20,VET,28,3,1:37.855,97855
196,1012,Chinese Grand Prix,20,VET,29,3,1:38.108,98108
197,1012,Chinese Grand Prix,20,VET,30,3,1:37.358,97358
198,1012,Chinese Grand Prix,20,VET,31,3,1:37.614,97614
199,1012,Chinese Grand Prix,20,VET,32,3,1:37.300,97300
200,1012,Chinese Grand Prix,20,VET,33,3,1:37.416,97416
201,1012,Chinese Grand Prix,20,VET,34,3,1:37.543,97543
202,1012,Chinese Grand Prix,20,VET,35,3,1:42.341,102341
203,1012,Chinese Grand Prix,20,VET,36,4,1:54.699,114699
204,1012,Chinese Grand Prix,20,VET,37,4,1:34.836,94836
205,1012,Chinese Grand Prix,20,VET,38,4,1:36.498,96498
206,1012,Chinese Grand Prix,20,VET,39,4,1:36.612,96612
207,1012,Chinese Grand Prix,20,VET,40,4,1:36.698,96698
208,1012,Chinese Grand Prix,20,VET,41,4,1:36.646,96646
209,1012,Chinese Grand Prix,20,VET,42,3,1:36.335,96335
210,1012,Chinese Grand Prix,20,VET,43,3,1:36.648,96648
211,1012,Chinese Grand Prix,20,VET,44,3,1:36.361,96361
212,1012,Chinese Grand Prix,20,VET,45,3,1:36.251,96251
213,1012,Chinese Grand Prix,20,VET,46,3,1:36.017,96017
214,1012,Chinese Grand Prix,20,VET,47,3,1:36.756,96756
215,1012,Chinese Grand Prix,20,VET,48,3,1:36.427,96427
216,1012,Chinese Grand Prix,20,VET,49,3,1:36.976,96976
217,1012,Chinese Grand Prix,20,VET,50,3,1:36.458,96458
218,1012,Chinese Grand Prix,20,VET,51,3,1:37.048,97048
219,1012,Chinese Grand Prix,20,VET,52,3,1:36.469,96469
220,1012,Chinese Grand Prix,20,VET,53,3,1:36.454,96454
221,1012,Chinese Grand Prix,20,VET,54,3,1:36.868,96868
222,1012,Chinese Grand Prix,20,VET,55,3,1:36.875,96875
223,1012,Chinese Grand Prix,20,VET,56,3,1:37.948,97948
224,1012,Chinese Grand Prix,830,VER,1,5,1:52.744,112744
225,1012,Chinese Grand Prix,830,VER,2,5,1:47.324,107324
226,1012,Chinese Grand Prix,830,VER,3,5,1:39.203,99203
227,1012,Chinese Grand Prix,830,VER,4,5,1:39.075,99075
228,1012,Chinese Grand Prix,830,VER,5,5,1:38.863,98863
229,1012,Chinese Grand Prix,830,VER,6,5,1:39.154,99154
230,1012,Chinese Grand Prix,830,VER,7,5,1:39.002,99002
231,1012,Chinese Grand Prix,830,VER,8,5,1:38.991,98991
232,1012,Chinese Grand Prix,830,VER,9,5,1:39.108,99108
233,1012,Chinese Grand Prix,830,VER,10,5,1:39.176,99176
234,1012,Chinese Grand Prix,830,VER,11,5,1:39.498,99498
235,1012,Chinese Grand Prix,830,VER,12,5,1:40.070,100070
236,1012,Chinese Grand Prix,830,VER,13,5,1:39.705,99705
237,1012,Chinese Grand Prix,830,VER,14,5,1:39.472,99472
238,1012,Chinese Grand Prix,830,VER,15,5,1:39.463,99463
239,1012,Chinese Grand Prix,830,VER,16,5,1:39.776,99776
240,1012,Chinese Grand Prix,830,VER,17,5,1:44.082,104082
241,1012,Chinese Grand Prix,830,VER,18,6,1:57.074,117074
242,1012,Chinese Grand Prix,830,VER,19,6,1:37.652,97652
243,1012,Chinese Grand Prix,830,VER,20,5,1:37.502,97502
244,1012,Chinese Grand Prix,830,VER,21,5,1:37.781,97781
245,1012,Chinese Grand Prix,830,VER,22,5,1:38.222,98222
246,1012,Chinese Grand Prix,830,VER,23,4,1:38.153,98153
247,1012,Chinese Grand Prix,830,VER,24,4,1:38.154,98154
248,1012,Chinese Grand Prix,830,VER,25,4,1:37.792,97792
249,1012,Chinese Grand Prix,830,VER,26,4,1:37.951,97951
250,1012,Chinese Grand Prix,830,VER,27,4,1:37.876,97876
251,1012,Chinese Grand Prix,830,VER,28,4,1:37.986,97986
252,1012,Chinese Grand Prix,830,VER,29,4,1:38.014,98014
253,1012,Chinese Grand Prix,830,VER,30,4,1:38.136,98136
254,1012,Chinese Grand Prix,830,VER,31,4,1:38.597,98597
255,1012,Chinese Grand Prix,830,VER,32,4,1:38.692,98692
256,1012,Chinese Grand Prix,830,VER,33,4,1:38.378,98378
257,1012,Chinese Grand Prix,830,VER,34,5,1:42.883,102883
258,1012,Chinese Grand Prix,830,VER,35,5,1:55.105,115105
259,1012,Chinese Grand Prix,830,VER,36,5,1:36.776,96776
260,1012,Chinese Grand Prix,830,VER,37,5,1:36.699,96699
261,1012,Chinese Grand Prix,830,VER,38,5,1:37.217,97217
262,1012,Chinese Grand Prix,830,VER,39,5,1:36.659,96659
263,1012,Chinese Grand Prix,830,VER,40,5,1:36.462,96462
264,1012,Chinese Grand Prix,830,VER,41,5,1:36.503,96503
265,1012,Chinese Grand Prix,830,VER,42,5,1:36.626,96626
266,1012,Chinese Grand Prix,830,VER,43,4,1:36.688,96688
267,1012,Chinese Grand Prix,830,VER,44,4,1:36.212,96212
268,1012,Chinese Grand Prix,830,VER,45,4,1:36.143,96143
269,1012,Chinese Grand Prix,830,VER,46,4,1:36.233,96233
270,1012,Chinese Grand Prix,830,VER,47,4,1:36.639,96639
271,1012,Chinese Grand Prix,830,VER,48,4,1:36.866,96866
272,1012,Chinese Grand Prix,830,VER,49,4,1:36.623,96623
273,1012,Chinese Grand Prix,830,VER,50,4,1:36.619,96619
274,1012,Chinese Grand Prix,830,VER,51,4,1:36.739,96739
275,1012,Chinese Grand Prix,830,VER,52,4,1:37.005,97005
276,1012,Chinese Grand Prix,830,VER,53,4,1:37.597,97597
277,1012,Chinese Grand Prix,830,VER,54,4,1:37.675,97675
278,1012,Chinese Grand Prix,830,VER,55,4,1:37.296,97296
279,1012,Chinese Grand Prix,830,VER,56,4,1:38.046,98046
280,1012,Chinese Grand Prix,842,GAS,1,6,1:54.122,114122
281,1012,Chinese Grand Prix,842,GAS,2,6,1:47.409,107409
282,1012,Chinese Grand Prix,842,GAS,3,6,1:39.821,99821
283,1012,Chinese Grand Prix,842,GAS,4,6,1:39.988,99988
284,1012,Chinese Grand Prix,842,GAS,5,6,1:39.720,99720
285,1012,Chinese Grand Prix,842,GAS,6,6,1:39.970,99970
286,1012,Chinese Grand Prix,842,GAS,7,6,1:39.871,99871
287,1012,Chinese Grand Prix,842,GAS,8,6,1:39.807,99807
288,1012,Chinese Grand Prix,842,GAS,9,6,1:39.727,99727
289,1012,Chinese Grand Prix,842,GAS,10,6,1:39.720,99720
290,1012,Chinese Grand Prix,842,GAS,11,6,1:39.872,99872
291,1012,Chinese Grand Prix,842,GAS,12,6,1:40.170,100170
292,1012,Chinese Grand Prix,842,GAS,13,6,1:39.998,99998
293,1012,Chinese Grand Prix,842,GAS,14,6,1:39.905,99905
294,1012,Chinese Grand Prix,842,GAS,15,6,1:39.923,99923
295,1012,Chinese Grand Prix,842,GAS,16,6,1:40.032,100032
296,1012,Chinese Grand Prix,842,GAS,17,6,1:40.014,100014
297,1012,Chinese Grand Prix,842,GAS,18,5,1:40.417,100417
298,1012,Chinese Grand Prix,842,GAS,19,4,1:44.356,104356
299,1012,Chinese Grand Prix,842,GAS,20,8,1:57.332,117332
300,1012,Chinese Grand Prix,842,GAS,21,7,1:38.429,98429
301,1012,Chinese Grand Prix,842,GAS,22,7,1:38.947,98947
302,1012,Chinese Grand Prix,842,GAS,23,6,1:39.377,99377
303,1012,Chinese Grand Prix,842,GAS,24,6,1:38.513,98513
304,1012,Chinese Grand Prix,842,GAS,25,6,1:38.583,98583
305,1012,Chinese Grand Prix,842,GAS,26,6,1:38.382,98382
306,1012,Chinese Grand Prix,842,GAS,27,6,1:38.458,98458
307,1012,Chinese Grand Prix,842,GAS,28,6,1:38.854,98854
308,1012,Chinese Grand Prix,842,GAS,29,6,1:38.607,98607
309,1012,Chinese Grand Prix,842,GAS,30,6,1:38.967,98967
310,1012,Chinese Grand Prix,842,GAS,31,6,1:38.970,98970
311,1012,Chinese Grand Prix,842,GAS,32,6,1:38.972,98972
312,1012,Chinese Grand Prix,842,GAS,33,6,1:38.751,98751
313,1012,Chinese Grand Prix,842,GAS,34,6,1:38.788,98788
314,1012,Chinese Grand Prix,842,GAS,35,6,1:38.915,98915
315,1012,Chinese Grand Prix,842,GAS,36,6,1:38.362,98362
316,1012,Chinese Grand Prix,842,GAS,37,6,1:38.224,98224
317,1012,Chinese Grand Prix,842,GAS,38,6,1:38.412,98412
318,1012,Chinese Grand Prix,842,GAS,39,6,1:43.236,103236
319,1012,Chinese Grand Prix,842,GAS,40,6,1:56.881,116881
320,1012,Chinese Grand Prix,842,GAS,41,6,1:36.225,96225
321,1012,Chinese Grand Prix,842,GAS,42,6,1:36.928,96928
322,1012,Chinese Grand Prix,842,GAS,43,6,1:36.695,96695
323,1012,Chinese Grand Prix,842,GAS,44,6,1:36.763,96763
324,1012,Chinese Grand Prix,842,GAS,45,6,1:37.286,97286
325,1012,Chinese Grand Prix,842,GAS,46,6,1:36.972,96972
326,1012,Chinese Grand Prix,842,GAS,47,6,1:37.552,97552
327,1012,Chinese Grand Prix,842,GAS,48,6,1:37.576,97576
328,1012,Chinese Grand Prix,842,GAS,49,6,1:37.245,97245
329,1012,Chinese Grand Prix,842,GAS,50,6,1:37.306,97306
330,1012,Chinese Grand Prix,842,GAS,51,6,1:37.589,97589
331,1012,Chinese Grand Prix,842,GAS,52,6,1:37.591,97591
332,1012,Chinese Grand Prix,842,GAS,53,6,1:42.032,102032
333,1012,Chinese Grand Prix,842,GAS,54,6,1:56.679,116679
334,1012,Chinese Grand Prix,842,GAS,55,6,1:34.742,94742
335,1012,Chinese Grand Prix,842,GAS,56,6,1:37.674,97674
336,1012,Chinese Grand Prix,817,RIC,1,7,1:56.770,116770
337,1012,Chinese Grand Prix,817,RIC,2,7,1:47.265,107265
338,1012,Chinese Grand Prix,817,RIC,3,7,1:40.475,100475
339,1012,Chinese Grand Prix,817,RIC,4,7,1:40.547,100547
340,1012,Chinese Grand Prix,817,RIC,5,7,1:40.254,100254
341,1012,Chinese Grand Prix,817,RIC,6,7,1:40.115,100115
342,1012,Chinese Grand Prix,817,RIC,7,7,1:40.044,100044
343,1012,Chinese Grand Prix,817,RIC,8,7,1:40.179,100179
344,1012,Chinese Grand Prix,817,RIC,9,7,1:40.497,100497
345,1012,Chinese Grand Prix,817,RIC,10,7,1:40.259,100259
346,1012,Chinese Grand Prix,817,RIC,11,7,1:40.450,100450
347,1012,Chinese Grand Prix,817,RIC,12,7,1:40.407,100407
348,1012,Chinese Grand Prix,817,RIC,13,7,1:40.468,100468
349,1012,Chinese Grand Prix,817,RIC,14,7,1:40.433,100433
350,1012,Chinese Grand Prix,817,RIC,15,7,1:40.438,100438
351,1012,Chinese Grand Prix,817,RIC,16,7,1:40.349,100349
352,1012,Chinese Grand Prix,817,RIC,17,7,1:40.776,100776
353,1012,Chinese Grand Prix,817,RIC,18,8,1:45.141,105141
354,1012,Chinese Grand Prix,817,RIC,19,10,1:58.518,118518
355,1012,Chinese Grand Prix,817,RIC,20,9,1:40.462,100462
356,1012,Chinese Grand Prix,817,RIC,21,8,1:40.979,100979
357,1012,Chinese Grand Prix,817,RIC,22,8,1:40.833,100833
358,1012,Chinese Grand Prix,817,RIC,23,8,1:40.388,100388
359,1012,Chinese Grand Prix,817,RIC,24,8,1:40.405,100405
360,1012,Chinese Grand Prix,817,RIC,25,8,1:40.429,100429
361,1012,Chinese Grand Prix,817,RIC,26,7,1:40.026,100026
362,1012,Chinese Grand Prix,817,RIC,27,7,1:40.385,100385
363,1012,Chinese Grand Prix,817,RIC,28,7,1:39.933,99933
364,1012,Chinese Grand Prix,817,RIC,29,7,1:39.145,99145
365,1012,Chinese Grand Prix,817,RIC,30,7,1:38.902,98902
366,1012,Chinese Grand Prix,817,RIC,31,7,1:39.015,99015
367,1012,Chinese Grand Prix,817,RIC,32,7,1:39.326,99326
368,1012,Chinese Grand Prix,817,RIC,33,7,1:39.212,99212
369,1012,Chinese Grand Prix,817,RIC,34,7,1:39.094,99094
370,1012,Chinese Grand Prix,817,RIC,35,7,1:38.833,98833
371,1012,Chinese Grand Prix,817,RIC,36,7,1:39.135,99135
372,1012,Chinese Grand Prix,817,RIC,37,7,1:38.886,98886
373,1012,Chinese Grand Prix,817,RIC,38,7,1:38.632,98632
374,1012,Chinese Grand Prix,817,RIC,39,7,1:39.291,99291
375,1012,Chinese Grand Prix,817,RIC,40,7,1:39.022,99022
376,1012,Chinese Grand Prix,817,RIC,41,7,1:39.304,99304
377,1012,Chinese Grand Prix,817,RIC,42,7,1:39.334,99334
378,1012,Chinese Grand Prix,817,RIC,43,7,1:39.461,99461
379,1012,Chinese Grand Prix,817,RIC,44,7,1:39.181,99181
380,1012,Chinese Grand Prix,817,RIC,45,7,1:39.073,99073
381,1012,Chinese Grand Prix,817,RIC,46,7,1:39.044,99044
382,1012,Chinese Grand Prix,817,RIC,47,7,1:38.842,98842
383,1012,Chinese Grand Prix,817,RIC,48,7,1:38.988,98988
384,1012,Chinese Grand Prix,817,RIC,49,7,1:39.111,99111
385,1012,Chinese Grand Prix,817,RIC,50,7,1:39.619,99619
386,1012,Chinese Grand Prix,817,RIC,51,7,1:39.534,99534
387,1012,Chinese Grand Prix,817,RIC,52,7,1:41.021,101021
388,1012,Chinese Grand Prix,817,RIC,53,7,1:39.595,99595
389,1012,Chinese Grand Prix,817,RIC,54,7,1:40.287,100287
390,1012,Chinese Grand Prix,817,RIC,55,7,1:41.283,101283
391,1012,Chinese Grand Prix,815,PER,1,8,1:57.998,117998
392,1012,Chinese Grand Prix,815,PER,2,8,1:47.379,107379
393,1012,Chinese Grand Prix,815,PER,3,8,1:40.612,100612
394,1012,Chinese Grand Prix,815,PER,4,8,1:40.377,100377
395,1012,Chinese Grand Prix,815,PER,5,8,1:40.277,100277
396,1012,Chinese Grand Prix,815,PER,6,8,1:40.294,100294
397,1012,Chinese Grand Prix,815,PER,7,8,1:40.357,100357
398,1012,Chinese Grand Prix,815,PER,8,8,1:40.494,100494
399,1012,Chinese Grand Prix,815,PER,9,8,1:40.336,100336
400,1012,Chinese Grand Prix,815,PER,10,8,1:40.153,100153
401,1012,Chinese Grand Prix,815,PER,11,8,1:40.366,100366
402,1012,Chinese Grand Prix,815,PER,12,8,1:40.421,100421
403,1012,Chinese Grand Prix,815,PER,13,8,1:40.528,100528
404,1012,Chinese Grand Prix,815,PER,14,8,1:40.357,100357
405,1012,Chinese Grand Prix,815,PER,15,8,1:40.784,100784
406,1012,Chinese Grand Prix,815,PER,16,8,1:40.666,100666
407,1012,Chinese Grand Prix,815,PER,17,8,1:40.519,100519
408,1012,Chinese Grand Prix,815,PER,18,7,1:41.637,101637
409,1012,Chinese Grand Prix,815,PER,19,7,1:41.158,101158
410,1012,Chinese Grand Prix,815,PER,20,7,1:45.308,105308
411,1012,Chinese Grand Prix,815,PER,21,9,1:58.725,118725
412,1012,Chinese Grand Prix,815,PER,22,9,1:39.772,99772
413,1012,Chinese Grand Prix,815,PER,23,9,1:40.056,100056
414,1012,Chinese Grand Prix,815,PER,24,9,1:40.666,100666
415,1012,Chinese Grand Prix,815,PER,25,9,1:39.797,99797
416,1012,Chinese Grand Prix,815,PER,26,8,1:40.236,100236
417,1012,Chinese Grand Prix,815,PER,27,8,1:39.875,99875
418,1012,Chinese Grand Prix,815,PER,28,8,1:39.462,99462
419,1012,Chinese Grand Prix,815,PER,29,8,1:38.827,98827
420,1012,Chinese Grand Prix,815,PER,30,8,1:39.063,99063
421,1012,Chinese Grand Prix,815,PER,31,8,1:39.227,99227
422,1012,Chinese Grand Prix,815,PER,32,8,1:39.169,99169
423,1012,Chinese Grand Prix,815,PER,33,8,1:39.317,99317
424,1012,Chinese Grand Prix,815,PER,34,8,1:39.170,99170
425,1012,Chinese Grand Prix,815,PER,35,8,1:38.756,98756
426,1012,Chinese Grand Prix,815,PER,36,8,1:38.974,98974
427,1012,Chinese Grand Prix,815,PER,37,8,1:38.702,98702
428,1012,Chinese Grand Prix,815,PER,38,8,1:39.032,99032
429,1012,Chinese Grand Prix,815,PER,39,8,1:39.096,99096
430,1012,Chinese Grand Prix,815,PER,40,8,1:39.282,99282
431,1012,Chinese Grand Prix,815,PER,41,8,1:39.216,99216
432,1012,Chinese Grand Prix,815,PER,42,8,1:39.153,99153
433,1012,Chinese Grand Prix,815,PER,43,8,1:39.865,99865
434,1012,Chinese Grand Prix,815,PER,44,8,1:39.158,99158
435,1012,Chinese Grand Prix,815,PER,45,8,1:38.911,98911
436,1012,Chinese Grand Prix,815,PER,46,8,1:39.118,99118
437,1012,Chinese Grand Prix,815,PER,47,8,1:38.993,98993
438,1012,Chinese Grand Prix,815,PER,48,8,1:39.105,99105
439,1012,Chinese Grand Prix,815,PER,49,8,1:39.313,99313
440,1012,Chinese Grand Prix,815,PER,50,8,1:39.494,99494
441,1012,Chinese Grand Prix,815,PER,51,8,1:39.335,99335
442,1012,Chinese Grand Prix,815,PER,52,8,1:41.098,101098
443,1012,Chinese Grand Prix,815,PER,53,8,1:39.617,99617
444,1012,Chinese Grand Prix,815,PER,54,8,1:40.380,100380
445,1012,Chinese Grand Prix,815,PER,55,8,1:41.402,101402
446,1012,Chinese Grand Prix,807,HUL,1,9,1:59.160,119160
447,1012,Chinese Grand Prix,807,HUL,2,9,1:46.640,106640
448,1012,Chinese Grand Prix,807,HUL,3,9,1:40.935,100935
449,1012,Chinese Grand Prix,807,HUL,4,9,1:41.168,101168
450,1012,Chinese Grand Prix,807,HUL,5,9,1:40.624,100624
451,1012,Chinese Grand Prix,807,HUL,6,9,1:40.282,100282
452,1012,Chinese Grand Prix,807,HUL,7,9,1:40.472,100472
453,1012,Chinese Grand Prix,807,HUL,8,9,1:40.416,100416
454,1012,Chinese Grand Prix,807,HUL,9,9,1:40.399,100399
455,1012,Chinese Grand Prix,807,HUL,10,10,1:41.287,101287
456,1012,Chinese Grand Prix,807,HUL,11,10,1:45.975,105975
457,1012,Chinese Grand Prix,807,HUL,12,16,2:00.696,120696
458,1012,Chinese Grand Prix,807,HUL,13,15,1:40.803,100803
459,1012,Chinese Grand Prix,807,HUL,14,15,1:39.677,99677
460,1012,Chinese Grand Prix,807,HUL,15,15,1:41.855,101855
461,1012,Chinese Grand Prix,807,HUL,16,17,1:49.543,109543
462,1012,Chinese Grand Prix,154,GRO,1,10,1:59.725,119725
463,1012,Chinese Grand Prix,154,GRO,2,10,1:46.810,106810
464,1012,Chinese Grand Prix,154,GRO,3,10,1:41.198,101198
465,1012,Chinese Grand Prix,154,GRO,4,11,1:42.272,102272
466,1012,Chinese Grand Prix,154,GRO,5,11,1:41.440,101440
467,1012,Chinese Grand Prix,154,GRO,6,11,1:41.282,101282
468,1012,Chinese Grand Prix,154,GRO,7,11,1:41.345,101345
469,1012,Chinese Grand Prix,154,GRO,8,13,1:45.814,105814
470,1012,Chinese Grand Prix,154,GRO,9,17,1:58.437,118437
471,1012,Chinese Grand Prix,154,GRO,10,16,1:39.292,99292
472,1012,Chinese Grand Prix,154,GRO,11,16,1:39.607,99607
473,1012,Chinese Grand Prix,154,GRO,12,15,1:40.324,100324
474,1012,Chinese Grand Prix,154,GRO,13,14,1:40.535,100535
475,1012,Chinese Grand Prix,154,GRO,14,14,1:39.753,99753
476,1012,Chinese Grand Prix,154,GRO,15,14,1:39.961,99961
477,1012,Chinese Grand Prix,154,GRO,16,14,1:40.598,100598
478,1012,Chinese Grand Prix,154,GRO,17,13,1:42.473,102473
479,1012,Chinese Grand Prix,154,GRO,18,13,1:39.820,99820
480,1012,Chinese Grand Prix,154,GRO,19,13,1:40.806,100806
481,1012,Chinese Grand Prix,154,GRO,20,12,1:39.715,99715
482,1012,Chinese Grand Prix,154,GRO,21,11,1:40.321,100321
483,1012,Chinese Grand Prix,154,GRO,22,10,1:40.646,100646
484,1012,Chinese Grand Prix,154,GRO,23,10,1:40.115,100115
485,1012,Chinese Grand Prix,154,GRO,24,10,1:39.849,99849
486,1012,Chinese Grand Prix,154,GRO,25,10,1:40.005,100005
487,1012,Chinese Grand Prix,154,GRO,26,9,1:40.104,100104
488,1012,Chinese Grand Prix,154,GRO,27,9,1:39.843,99843
489,1012,Chinese Grand Prix,154,GRO,28,10,1:40.730,100730
490,1012,Chinese Grand Prix,154,GRO,29,10,1:40.926,100926
491,1012,Chinese Grand Prix,154,GRO,30,10,1:40.205,100205
492,1012,Chinese Grand Prix,154,GRO,31,10,1:39.961,99961
493,1012,Chinese Grand Prix,154,GRO,32,10,1:40.321,100321
494,1012,Chinese Grand Prix,154,GRO,33,10,1:40.218,100218
495,1012,Chinese Grand Prix,154,GRO,34,10,1:40.237,100237
496,1012,Chinese Grand Prix,154,GRO,35,12,1:45.200,105200
497,1012,Chinese Grand Prix,154,GRO,36,12,1:57.777,117777
498,1012,Chinese Grand Prix,154,GRO,37,12,1:36.873,96873
499,1012,Chinese Grand Prix,154,GRO,38,12,1:37.702,97702
500,1012,Chinese Grand Prix,154,GRO,39,12,1:38.036,98036
501,1012,Chinese Grand Prix,154,GRO,40,12,1:39.751,99751
502,1012,Chinese Grand Prix,154,GRO,41,12,1:38.009,98009
503,1012,Chinese Grand Prix,154,GRO,42,12,1:37.926,97926
504,1012,Chinese Grand Prix,154,GRO,43,12,1:37.820,97820
505,1012,Chinese Grand Prix,154,GRO,44,12,1:38.976,98976
506,1012,Chinese Grand Prix,154,GRO,45,11,1:37.917,97917
507,1012,Chinese Grand Prix,154,GRO,46,11,1:39.972,99972
508,1012,Chinese Grand Prix,154,GRO,47,11,1:37.978,97978
509,1012,Chinese Grand Prix,154,GRO,48,11,1:38.192,98192
510,1012,Chinese Grand Prix,154,GRO,49,11,1:38.002,98002
511,1012,Chinese Grand Prix,154,GRO,50,11,1:38.476,98476
512,1012,Chinese Grand Prix,154,GRO,51,11,1:38.767,98767
513,1012,Chinese Grand Prix,154,GRO,52,11,1:40.671,100671
514,1012,Chinese Grand Prix,154,GRO,53,11,1:39.260,99260
515,1012,Chinese Grand Prix,154,GRO,54,11,1:40.334,100334
516,1012,Chinese Grand Prix,154,GRO,55,11,1:39.348,99348
517,1012,Chinese Grand Prix,825,MAG,1,11,2:00.389,120389
518,1012,Chinese Grand Prix,825,MAG,2,11,1:46.985,106985
519,1012,Chinese Grand Prix,825,MAG,3,12,1:42.041,102041
520,1012,Chinese Grand Prix,825,MAG,4,12,1:42.068,102068
521,1012,Chinese Grand Prix,825,MAG,5,12,1:41.665,101665
522,1012,Chinese Grand Prix,825,MAG,6,12,1:41.555,101555
523,1012,Chinese Grand Prix,825,MAG,7,12,1:41.766,101766
524,1012,Chinese Grand Prix,825,MAG,8,11,1:41.478,101478
525,1012,Chinese Grand Prix,825,MAG,9,13,1:45.444,105444
526,1012,Chinese Grand Prix,825,MAG,10,17,1:59.108,119108
527,1012,Chinese Grand Prix,825,MAG,11,17,1:38.778,98778
528,1012,Chinese Grand Prix,825,MAG,12,17,1:39.430,99430
529,1012,Chinese Grand Prix,825,MAG,13,16,1:39.756,99756
530,1012,Chinese Grand Prix,825,MAG,14,16,1:40.147,100147
531,1012,Chinese Grand Prix,825,MAG,15,16,1:40.343,100343
532,1012,Chinese Grand Prix,825,MAG,16,15,1:40.105,100105
533,1012,Chinese Grand Prix,825,MAG,17,14,1:40.623,100623
534,1012,Chinese Grand Prix,825,MAG,18,14,1:40.600,100600
535,1012,Chinese Grand Prix,825,MAG,19,14,1:40.041,100041
536,1012,Chinese Grand Prix,825,MAG,20,13,1:40.622,100622
537,1012,Chinese Grand Prix,825,MAG,21,12,1:40.534,100534
538,1012,Chinese Grand Prix,825,MAG,22,12,1:40.599,100599
539,1012,Chinese Grand Prix,825,MAG,23,12,1:40.901,100901
540,1012,Chinese Grand Prix,825,MAG,24,12,1:41.236,101236
541,1012,Chinese Grand Prix,825,MAG,25,11,1:41.223,101223
542,1012,Chinese Grand Prix,825,MAG,26,11,1:41.416,101416
543,1012,Chinese Grand Prix,825,MAG,27,11,1:40.181,100181
544,1012,Chinese Grand Prix,825,MAG,28,11,1:40.417,100417
545,1012,Chinese Grand Prix,825,MAG,29,11,1:40.216,100216
546,1012,Chinese Grand Prix,825,MAG,30,12,1:41.759,101759
547,1012,Chinese Grand Prix,825,MAG,31,13,1:41.066,101066
548,1012,Chinese Grand Prix,825,MAG,32,13,1:41.363,101363
549,1012,Chinese Grand Prix,825,MAG,33,13,1:45.049,105049
550,1012,Chinese Grand Prix,825,MAG,34,14,1:56.557,116557
551,1012,Chinese Grand Prix,825,MAG,35,14,1:37.471,97471
552,1012,Chinese Grand Prix,825,MAG,36,13,1:37.629,97629
553,1012,Chinese Grand Prix,825,MAG,37,13,1:37.862,97862
554,1012,Chinese Grand Prix,825,MAG,38,13,1:39.521,99521
555,1012,Chinese Grand Prix,825,MAG,39,13,1:38.408,98408
556,1012,Chinese Grand Prix,825,MAG,40,13,1:38.291,98291
557,1012,Chinese Grand Prix,825,MAG,41,13,1:39.901,99901
558,1012,Chinese Grand Prix,825,MAG,42,13,1:40.110,100110
559,1012,Chinese Grand Prix,825,MAG,43,13,1:38.340,98340
560,1012,Chinese Grand Prix,825,MAG,44,13,1:38.354,98354
561,1012,Chinese Grand Prix,825,MAG,45,12,1:38.216,98216
562,1012,Chinese Grand Prix,825,MAG,46,12,1:38.358,98358
563,1012,Chinese Grand Prix,825,MAG,47,12,1:39.547,99547
564,1012,Chinese Grand Prix,825,MAG,48,12,1:38.591,98591
565,1012,Chinese Grand Prix,825,MAG,49,12,1:38.799,98799
566,1012,Chinese Grand Prix,825,MAG,50,12,1:38.708,98708
567,1012,Chinese Grand Prix,825,MAG,51,12,1:39.133,99133
568,1012,Chinese Grand Prix,825,MAG,52,12,1:38.814,98814
569,1012,Chinese Grand Prix,825,MAG,53,12,1:38.564,98564
570,1012,Chinese Grand Prix,825,MAG,54,12,1:38.485,98485
571,1012,Chinese Grand Prix,825,MAG,55,13,1:40.612,100612
572,1012,Chinese Grand Prix,8,RAI,1,12,2:01.546,121546
573,1012,Chinese Grand Prix,8,RAI,2,12,1:46.190,106190
574,1012,Chinese Grand Prix,8,RAI,3,11,1:40.931,100931
575,1012,Chinese Grand Prix,8,RAI,4,10,1:40.508,100508
576,1012,Chinese Grand Prix,8,RAI,5,10,1:40.443,100443
577,1012,Chinese Grand Prix,8,RAI,6,10,1:40.374,100374
578,1012,Chinese Grand Prix,8,RAI,7,10,1:40.260,100260
579,1012,Chinese Grand Prix,8,RAI,8,10,1:40.016,100016
580,1012,Chinese Grand Prix,8,RAI,9,10,1:40.644,100644
581,1012,Chinese Grand Prix,8,RAI,10,9,1:39.939,99939
582,1012,Chinese Grand Prix,8,RAI,11,9,1:40.773,100773
583,1012,Chinese Grand Prix,8,RAI,12,9,1:40.342,100342
584,1012,Chinese Grand Prix,8,RAI,13,9,1:40.490,100490
585,1012,Chinese Grand Prix,8,RAI,14,9,1:40.053,100053
586,1012,Chinese Grand Prix,8,RAI,15,9,1:40.885,100885
587,1012,Chinese Grand Prix,8,RAI,16,9,1:40.275,100275
588,1012,Chinese Grand Prix,8,RAI,17,9,1:40.419,100419
589,1012,Chinese Grand Prix,8,RAI,18,9,1:41.169,101169
590,1012,Chinese Grand Prix,8,RAI,19,8,1:40.842,100842
591,1012,Chinese Grand Prix,8,RAI,20,6,1:41.028,101028
592,1012,Chinese Grand Prix,8,RAI,21,6,1:41.116,101116
593,1012,Chinese Grand Prix,8,RAI,22,6,1:40.586,100586
594,1012,Chinese Grand Prix,8,RAI,23,7,1:42.040,102040
595,1012,Chinese Grand Prix,8,RAI,24,7,1:41.485,101485
596,1012,Chinese Grand Prix,8,RAI,25,7,1:45.356,105356
597,1012,Chinese Grand Prix,8,RAI,26,10,1:58.755,118755
598,1012,Chinese Grand Prix,8,RAI,27,10,1:37.812,97812
599,1012,Chinese Grand Prix,8,RAI,28,9,1:38.156,98156
600,1012,Chinese Grand Prix,8,RAI,29,9,1:38.796,98796
601,1012,Chinese Grand Prix,8,RAI,30,9,1:38.913,98913
602,1012,Chinese Grand Prix,8,RAI,31,9,1:38.799,98799
603,1012,Chinese Grand Prix,8,RAI,32,9,1:38.780,98780
604,1012,Chinese Grand Prix,8,RAI,33,9,1:38.812,98812
605,1012,Chinese Grand Prix,8,RAI,34,9,1:38.856,98856
606,1012,Chinese Grand Prix,8,RAI,35,9,1:38.712,98712
607,1012,Chinese Grand Prix,8,RAI,36,9,1:39.094,99094
608,1012,Chinese Grand Prix,8,RAI,37,9,1:38.787,98787
609,1012,Chinese Grand Prix,8,RAI,38,9,1:39.480,99480
610,1012,Chinese Grand Prix,8,RAI,39,9,1:39.067,99067
611,1012,Chinese Grand Prix,8,RAI,40,9,1:39.031,99031
612,1012,Chinese Grand Prix,8,RAI,41,9,1:38.690,98690
613,1012,Chinese Grand Prix,8,RAI,42,9,1:39.113,99113
614,1012,Chinese Grand Prix,8,RAI,43,9,1:39.014,99014
615,1012,Chinese Grand Prix,8,RAI,44,9,1:38.947,98947
616,1012,Chinese Grand Prix,8,RAI,45,9,1:38.864,98864
617,1012,Chinese Grand Prix,8,RAI,46,9,1:39.116,99116
618,1012,Chinese Grand Prix,8,RAI,47,9,1:39.803,99803
619,1012,Chinese Grand Prix,8,RAI,48,9,1:39.807,99807
620,1012,Chinese Grand Prix,8,RAI,49,9,1:39.460,99460
621,1012,Chinese Grand Prix,8,RAI,50,9,1:39.627,99627
622,1012,Chinese Grand Prix,8,RAI,51,9,1:41.124,101124
623,1012,Chinese Grand Prix,8,RAI,52,9,1:41.143,101143
624,1012,Chinese Grand Prix,8,RAI,53,9,1:41.875,101875
625,1012,Chinese Grand Prix,8,RAI,54,9,1:40.512,100512
626,1012,Chinese Grand Prix,8,RAI,55,9,1:41.409,101409
627,1012,Chinese Grand Prix,840,STR,1,13,2:02.994,122994
628,1012,Chinese Grand Prix,840,STR,2,13,1:45.359,105359
629,1012,Chinese Grand Prix,840,STR,3,13,1:41.604,101604
630,1012,Chinese Grand Prix,840,STR,4,13,1:42.004,102004
631,1012,Chinese Grand Prix,840,STR,5,13,1:41.702,101702
632,1012,Chinese Grand Prix,840,STR,6,13,1:41.760,101760
633,1012,Chinese Grand Prix,840,STR,7,13,1:41.694,101694
634,1012,Chinese Grand Prix,840,STR,8,12,1:41.446,101446
635,1012,Chinese Grand Prix,840,STR,9,11,1:41.254,101254
636,1012,Chinese Grand Prix,840,STR,10,11,1:40.933,100933
637,1012,Chinese Grand Prix,840,STR,11,11,1:40.715,100715
638,1012,Chinese Grand Prix,840,STR,12,10,1:41.119,101119
639,1012,Chinese Grand Prix,840,STR,13,10,1:40.979,100979
640,1012,Chinese Grand Prix,840,STR,14,10,1:40.513,100513
641,1012,Chinese Grand Prix,840,STR,15,10,1:40.882,100882
642,1012,Chinese Grand Prix,840,STR,16,10,1:40.708,100708
643,1012,Chinese Grand Prix,840,STR,17,10,1:41.196,101196
644,1012,Chinese Grand Prix,840,STR,18,10,1:41.035,101035
645,1012,Chinese Grand Prix,840,STR,19,9,1:40.844,100844
646,1012,Chinese Grand Prix,840,STR,20,10,1:46.051,106051
647,1012,Chinese Grand Prix,840,STR,21,15,1:58.938,118938
648,1012,Chinese Grand Prix,840,STR,22,15,1:39.370,99370
649,1012,Chinese Grand Prix,840,STR,23,15,1:39.494,99494
650,1012,Chinese Grand Prix,840,STR,24,15,1:39.853,99853
651,1012,Chinese Grand Prix,840,STR,25,15,1:39.656,99656
652,1012,Chinese Grand Prix,840,STR,26,14,1:40.418,100418
653,1012,Chinese Grand Prix,840,STR,27,13,1:40.880,100880
654,1012,Chinese Grand Prix,840,STR,28,13,1:39.664,99664
655,1012,Chinese Grand Prix,840,STR,29,13,1:39.190,99190
656,1012,Chinese Grand Prix,840,STR,30,13,1:39.776,99776
657,1012,Chinese Grand Prix,840,STR,31,12,1:39.809,99809
658,1012,Chinese Grand Prix,840,STR,32,12,1:39.599,99599
659,1012,Chinese Grand Prix,840,STR,33,12,1:39.287,99287
660,1012,Chinese Grand Prix,840,STR,34,12,1:39.074,99074
661,1012,Chinese Grand Prix,840,STR,35,11,1:39.135,99135
662,1012,Chinese Grand Prix,840,STR,36,11,1:39.243,99243
663,1012,Chinese Grand Prix,840,STR,37,11,1:39.345,99345
664,1012,Chinese Grand Prix,840,STR,38,11,1:39.265,99265
665,1012,Chinese Grand Prix,840,STR,39,11,1:39.549,99549
666,1012,Chinese Grand Prix,840,STR,40,11,1:39.593,99593
667,1012,Chinese Grand Prix,840,STR,41,11,1:39.952,99952
668,1012,Chinese Grand Prix,840,STR,42,11,1:39.686,99686
669,1012,Chinese Grand Prix,840,STR,43,11,1:39.684,99684
670,1012,Chinese Grand Prix,840,STR,44,11,1:45.046,105046
671,1012,Chinese Grand Prix,840,STR,45,13,1:55.836,115836
672,1012,Chinese Grand Prix,840,STR,46,13,1:36.678,96678
673,1012,Chinese Grand Prix,840,STR,47,13,1:37.752,97752
674,1012,Chinese Grand Prix,840,STR,48,13,1:38.039,98039
675,1012,Chinese Grand Prix,840,STR,49,13,1:38.156,98156
676,1012,Chinese Grand Prix,840,STR,50,13,1:39.996,99996
677,1012,Chinese Grand Prix,840,STR,51,13,1:37.895,97895
678,1012,Chinese Grand Prix,840,STR,52,13,1:38.064,98064
679,1012,Chinese Grand Prix,840,STR,53,13,1:38.240,98240
680,1012,Chinese Grand Prix,840,STR,54,13,1:38.205,98205
681,1012,Chinese Grand Prix,840,STR,55,12,1:39.136,99136
682,1012,Chinese Grand Prix,841,GIO,1,14,2:04.095,124095
683,1012,Chinese Grand Prix,841,GIO,2,14,1:44.793,104793
684,1012,Chinese Grand Prix,841,GIO,3,14,1:42.096,102096
685,1012,Chinese Grand Prix,841,GIO,4,15,1:42.443,102443
686,1012,Chinese Grand Prix,841,GIO,5,16,1:42.604,102604
687,1012,Chinese Grand Prix,841,GIO,6,16,1:41.992,101992
688,1012,Chinese Grand Prix,841,GIO,7,17,1:46.701,106701
689,1012,Chinese Grand Prix,841,GIO,8,18,2:00.170,120170
690,1012,Chinese Grand Prix,841,GIO,9,18,1:39.184,99184
691,1012,Chinese Grand Prix,841,GIO,10,18,1:40.096,100096
692,1012,Chinese Grand Prix,841,GIO,11,18,1:39.623,99623
693,1012,Chinese Grand Prix,841,GIO,12,18,1:40.092,100092
694,1012,Chinese Grand Prix,841,GIO,13,18,1:39.872,99872
695,1012,Chinese Grand Prix,841,GIO,14,17,1:39.884,99884
696,1012,Chinese Grand Prix,841,GIO,15,17,1:40.201,100201
697,1012,Chinese Grand Prix,841,GIO,16,16,1:40.053,100053
698,1012,Chinese Grand Prix,841,GIO,17,16,1:40.463,100463
699,1012,Chinese Grand Prix,841,GIO,18,15,1:40.460,100460
700,1012,Chinese Grand Prix,841,GIO,19,15,1:40.495,100495
701,1012,Chinese Grand Prix,841,GIO,20,14,1:40.597,100597
702,1012,Chinese Grand Prix,841,GIO,21,13,1:40.366,100366
703,1012,Chinese Grand Prix,841,GIO,22,13,1:40.743,100743
704,1012,Chinese Grand Prix,841,GIO,23,13,1:40.931,100931
705,1012,Chinese Grand Prix,841,GIO,24,13,1:41.062,101062
706,1012,Chinese Grand Prix,841,GIO,25,12,1:41.149,101149
707,1012,Chinese Grand Prix,841,GIO,26,13,1:41.898,101898
708,1012,Chinese Grand Prix,841,GIO,27,14,1:42.168,102168
709,1012,Chinese Grand Prix,841,GIO,28,14,1:41.740,101740
710,1012,Chinese Grand Prix,841,GIO,29,14,1:41.472,101472
711,1012,Chinese Grand Prix,841,GIO,30,15,1:46.572,106572
712,1012,Chinese Grand Prix,841,GIO,31,15,2:01.216,121216
713,1012,Chinese Grand Prix,841,GIO,32,15,1:38.048,98048
714,1012,Chinese Grand Prix,841,GIO,33,15,1:38.993,98993
715,1012,Chinese Grand Prix,841,GIO,34,15,1:38.311,98311
716,1012,Chinese Grand Prix,841,GIO,35,15,1:40.122,100122
717,1012,Chinese Grand Prix,841,GIO,36,15,1:38.463,98463
718,1012,Chinese Grand Prix,841,GIO,37,14,1:39.270,99270
719,1012,Chinese Grand Prix,841,GIO,38,14,1:39.608,99608
720,1012,Chinese Grand Prix,841,GIO,39,14,1:39.470,99470
721,1012,Chinese Grand Prix,841,GIO,40,14,1:38.359,98359
722,1012,Chinese Grand Prix,841,GIO,41,14,1:38.619,98619
723,1012,Chinese Grand Prix,841,GIO,42,14,1:38.976,98976
724,1012,Chinese Grand Prix,841,GIO,43,14,1:40.214,100214
725,1012,Chinese Grand Prix,841,GIO,44,14,1:38.296,98296
726,1012,Chinese Grand Prix,841,GIO,45,14,1:38.506,98506
727,1012,Chinese Grand Prix,841,GIO,46,14,1:38.588,98588
728,1012,Chinese Grand Prix,841,GIO,47,14,1:39.229,99229
729,1012,Chinese Grand Prix,841,GIO,48,14,1:38.764,98764
730,1012,Chinese Grand Prix,841,GIO,49,14,1:38.606,98606
731,1012,Chinese Grand Prix,841,GIO,50,14,1:38.716,98716
732,1012,Chinese Grand Prix,841,GIO,51,14,1:38.890,98890
733,1012,Chinese Grand Prix,841,GIO,52,14,1:39.035,99035
734,1012,Chinese Grand Prix,841,GIO,53,15,1:40.043,100043
735,1012,Chinese Grand Prix,841,GIO,54,15,1:40.019,100019
736,1012,Chinese Grand Prix,841,GIO,55,15,1:39.754,99754
737,1012,Chinese Grand Prix,847,RUS,1,15,2:04.734,124734
738,1012,Chinese Grand Prix,847,RUS,2,15,1:45.543,105543
739,1012,Chinese Grand Prix,847,RUS,3,16,1:42.357,102357
740,1012,Chinese Grand Prix,847,RUS,4,17,1:43.130,103130
741,1012,Chinese Grand Prix,847,RUS,5,17,1:42.111,102111
742,1012,Chinese Grand Prix,847,RUS,6,17,1:41.802,101802
743,1012,Chinese Grand Prix,847,RUS,7,15,1:41.859,101859
744,1012,Chinese Grand Prix,847,RUS,8,15,1:41.368,101368
745,1012,Chinese Grand Prix,847,RUS,9,14,1:41.355,101355
746,1012,Chinese Grand Prix,847,RUS,10,13,1:41.439,101439
747,1012,Chinese Grand Prix,847,RUS,11,13,1:41.769,101769
748,1012,Chinese Grand Prix,847,RUS,12,12,1:41.696,101696
749,1012,Chinese Grand Prix,847,RUS,13,12,1:42.146,102146
750,1012,Chinese Grand Prix,847,RUS,14,12,1:41.807,101807
751,1012,Chinese Grand Prix,847,RUS,15,12,1:42.084,102084
752,1012,Chinese Grand Prix,847,RUS,16,12,1:42.036,102036
753,1012,Chinese Grand Prix,847,RUS,17,15,1:45.096,105096
754,1012,Chinese Grand Prix,847,RUS,18,16,1:43.618,103618
755,1012,Chinese Grand Prix,847,RUS,19,16,1:42.499,102499
756,1012,Chinese Grand Prix,847,RUS,20,15,1:42.934,102934
757,1012,Chinese Grand Prix,847,RUS,21,16,1:43.729,103729
758,1012,Chinese Grand Prix,847,RUS,22,17,1:47.467,107467
759,1012,Chinese Grand Prix,847,RUS,23,18,1:59.841,119841
760,1012,Chinese Grand Prix,847,RUS,24,18,1:38.953,98953
761,1012,Chinese Grand Prix,847,RUS,25,18,1:41.005,101005
762,1012,Chinese Grand Prix,847,RUS,26,18,1:41.344,101344
763,1012,Chinese Grand Prix,847,RUS,27,17,1:40.201,100201
764,1012,Chinese Grand Prix,847,RUS,28,17,1:41.677,101677
765,1012,Chinese Grand Prix,847,RUS,29,17,1:40.012,100012
766,1012,Chinese Grand Prix,847,RUS,30,17,1:41.693,101693
767,1012,Chinese Grand Prix,847,RUS,31,16,1:41.524,101524
768,1012,Chinese Grand Prix,847,RUS,32,16,1:40.216,100216
769,1012,Chinese Grand Prix,847,RUS,33,16,1:40.142,100142
770,1012,Chinese Grand Prix,847,RUS,34,16,1:40.040,100040
771,1012,Chinese Grand Prix,847,RUS,35,16,1:41.371,101371
772,1012,Chinese Grand Prix,847,RUS,36,16,1:40.767,100767
773,1012,Chinese Grand Prix,847,RUS,37,16,1:41.951,101951
774,1012,Chinese Grand Prix,847,RUS,38,16,1:41.364,101364
775,1012,Chinese Grand Prix,847,RUS,39,16,1:41.223,101223
776,1012,Chinese Grand Prix,847,RUS,40,17,1:41.322,101322
777,1012,Chinese Grand Prix,847,RUS,41,16,1:41.378,101378
778,1012,Chinese Grand Prix,847,RUS,42,16,1:41.266,101266
779,1012,Chinese Grand Prix,847,RUS,43,16,1:41.754,101754
780,1012,Chinese Grand Prix,847,RUS,44,16,1:42.442,102442
781,1012,Chinese Grand Prix,847,RUS,45,16,1:42.018,102018
782,1012,Chinese Grand Prix,847,RUS,46,16,1:42.507,102507
783,1012,Chinese Grand Prix,847,RUS,47,16,1:42.250,102250
784,1012,Chinese Grand Prix,847,RUS,48,16,1:42.586,102586
785,1012,Chinese Grand Prix,847,RUS,49,16,1:47.069,107069
786,1012,Chinese Grand Prix,847,RUS,50,17,1:56.670,116670
787,1012,Chinese Grand Prix,847,RUS,51,16,1:37.283,97283
788,1012,Chinese Grand Prix,847,RUS,52,16,1:38.442,98442
789,1012,Chinese Grand Prix,847,RUS,53,16,1:38.663,98663
790,1012,Chinese Grand Prix,847,RUS,54,16,1:39.302,99302
791,1012,Chinese Grand Prix,9,KUB,1,16,2:05.409,125409
792,1012,Chinese Grand Prix,9,KUB,2,17,1:46.228,106228
793,1012,Chinese Grand Prix,9,KUB,3,18,1:43.334,103334
794,1012,Chinese Grand Prix,9,KUB,4,18,1:42.880,102880
795,1012,Chinese Grand Prix,9,KUB,5,18,1:42.763,102763
796,1012,Chinese Grand Prix,9,KUB,6,18,1:42.254,102254
797,1012,Chinese Grand Prix,9,KUB,7,18,1:42.378,102378
798,1012,Chinese Grand Prix,9,KUB,8,16,1:41.878,101878
799,1012,Chinese Grand Prix,9,KUB,9,15,1:41.711,101711
800,1012,Chinese Grand Prix,9,KUB,10,14,1:42.599,102599
801,1012,Chinese Grand Prix,9,KUB,11,14,1:42.168,102168
802,1012,Chinese Grand Prix,9,KUB,12,13,1:42.848,102848
803,1012,Chinese Grand Prix,9,KUB,13,17,1:44.798,104798
804,1012,Chinese Grand Prix,9,KUB,14,18,1:43.216,103216
805,1012,Chinese Grand Prix,9,KUB,15,18,1:42.783,102783
806,1012,Chinese Grand Prix,9,KUB,16,18,1:42.925,102925
807,1012,Chinese Grand Prix,9,KUB,17,17,1:42.308,102308
808,1012,Chinese Grand Prix,9,KUB,18,17,1:42.287,102287
809,1012,Chinese Grand Prix,9,KUB,19,17,1:42.456,102456
810,1012,Chinese Grand Prix,9,KUB,20,18,1:43.649,103649
811,1012,Chinese Grand Prix,9,KUB,21,18,1:42.642,102642
812,1012,Chinese Grand Prix,9,KUB,22,18,1:42.737,102737
813,1012,Chinese Grand Prix,9,KUB,23,17,1:42.826,102826
814,1012,Chinese Grand Prix,9,KUB,24,17,1:42.965,102965
815,1012,Chinese Grand Prix,9,KUB,25,17,1:43.054,103054
816,1012,Chinese Grand Prix,9,KUB,26,17,1:48.000,108000
817,1012,Chinese Grand Prix,9,KUB,27,19,2:10.883,130883
818,1012,Chinese Grand Prix,9,KUB,28,19,1:39.772,99772
819,1012,Chinese Grand Prix,9,KUB,29,19,1:40.477,100477
820,1012,Chinese Grand Prix,9,KUB,30,19,1:40.701,100701
821,1012,Chinese Grand Prix,9,KUB,31,19,1:41.074,101074
822,1012,Chinese Grand Prix,9,KUB,32,19,1:41.137,101137
823,1012,Chinese Grand Prix,9,KUB,33,19,1:40.319,100319
824,1012,Chinese Grand Prix,9,KUB,34,19,1:40.488,100488
825,1012,Chinese Grand Prix,9,KUB,35,18,1:40.443,100443
826,1012,Chinese Grand Prix,9,KUB,36,18,1:40.350,100350
827,1012,Chinese Grand Prix,9,KUB,37,18,1:40.190,100190
828,1012,Chinese Grand Prix,9,KUB,38,18,1:40.390,100390
829,1012,Chinese Grand Prix,9,KUB,39,18,1:42.757,102757
830,1012,Chinese Grand Prix,9,KUB,40,18,1:40.548,100548
831,1012,Chinese Grand Prix,9,KUB,41,18,1:40.457,100457
832,1012,Chinese Grand Prix,9,KUB,42,17,1:44.492,104492
833,1012,Chinese Grand Prix,9,KUB,43,18,1:41.419,101419
834,1012,Chinese Grand Prix,9,KUB,44,18,1:41.766,101766
835,1012,Chinese Grand Prix,9,KUB,45,18,1:40.936,100936
836,1012,Chinese Grand Prix,9,KUB,46,18,1:40.300,100300
837,1012,Chinese Grand Prix,9,KUB,47,18,1:41.626,101626
838,1012,Chinese Grand Prix,9,KUB,48,18,1:41.988,101988
839,1012,Chinese Grand Prix,9,KUB,49,18,1:42.033,102033
840,1012,Chinese Grand Prix,9,KUB,50,18,1:40.885,100885
841,1012,Chinese Grand Prix,9,KUB,51,17,1:41.047,101047
842,1012,Chinese Grand Prix,9,KUB,52,17,1:43.400,103400
843,1012,Chinese Grand Prix,9,KUB,53,17,1:42.161,102161
844,1012,Chinese Grand Prix,9,KUB,54,17,1:41.784,101784
845,1012,Chinese Grand Prix,826,KVY,1,17,2:06.639,126639
846,1012,Chinese Grand Prix,826,KVY,2,16,1:44.240,104240
847,1012,Chinese Grand Prix,826,KVY,3,15,1:40.910,100910
848,1012,Chinese Grand Prix,826,KVY,4,14,1:40.651,100651
849,1012,Chinese Grand Prix,826,KVY,5,14,1:41.846,101846
850,1012,Chinese Grand Prix,826,KVY,6,14,1:41.473,101473
851,1012,Chinese Grand Prix,826,KVY,7,16,1:46.599,106599
852,1012,Chinese Grand Prix,826,KVY,8,17,1:53.099,113099
853,1012,Chinese Grand Prix,826,KVY,9,16,1:40.154,100154
854,1012,Chinese Grand Prix,826,KVY,10,15,1:40.187,100187
855,1012,Chinese Grand Prix,826,KVY,11,15,1:40.536,100536
856,1012,Chinese Grand Prix,826,KVY,12,14,1:40.527,100527
857,1012,Chinese Grand Prix,826,KVY,13,13,1:40.044,100044
858,1012,Chinese Grand Prix,826,KVY,14,13,1:40.075,100075
859,1012,Chinese Grand Prix,826,KVY,15,13,1:40.126,100126
860,1012,Chinese Grand Prix,826,KVY,16,13,1:40.712,100712
861,1012,Chinese Grand Prix,826,KVY,17,12,1:40.874,100874
862,1012,Chinese Grand Prix,826,KVY,18,12,1:40.315,100315
863,1012,Chinese Grand Prix,826,KVY,19,12,1:40.209,100209
864,1012,Chinese Grand Prix,826,KVY,20,11,1:40.441,100441
865,1012,Chinese Grand Prix,826,KVY,21,10,1:41.296,101296
866,1012,Chinese Grand Prix,826,KVY,22,11,1:42.128,102128
867,1012,Chinese Grand Prix,826,KVY,23,11,1:41.067,101067
868,1012,Chinese Grand Prix,826,KVY,24,11,1:41.357,101357
869,1012,Chinese Grand Prix,826,KVY,25,14,1:45.954,105954
870,1012,Chinese Grand Prix,826,KVY,26,16,2:01.104,121104
871,1012,Chinese Grand Prix,826,KVY,27,16,1:37.975,97975
872,1012,Chinese Grand Prix,826,KVY,28,16,1:38.439,98439
873,1012,Chinese Grand Prix,826,KVY,29,16,1:38.506,98506
874,1012,Chinese Grand Prix,826,KVY,30,16,1:42.940,102940
875,1012,Chinese Grand Prix,826,KVY,31,17,2:17.854,137854
876,1012,Chinese Grand Prix,826,KVY,32,17,1:38.245,98245
877,1012,Chinese Grand Prix,826,KVY,33,17,1:38.926,98926
878,1012,Chinese Grand Prix,826,KVY,34,17,1:39.012,99012
879,1012,Chinese Grand Prix,826,KVY,35,17,1:38.509,98509
880,1012,Chinese Grand Prix,826,KVY,36,17,1:38.495,98495
881,1012,Chinese Grand Prix,826,KVY,37,17,1:38.691,98691
882,1012,Chinese Grand Prix,826,KVY,38,17,1:38.506,98506
883,1012,Chinese Grand Prix,826,KVY,39,17,1:38.620,98620
884,1012,Chinese Grand Prix,826,KVY,40,16,1:38.809,98809
885,1012,Chinese Grand Prix,826,KVY,41,17,1:47.185,107185
886,1012,Chinese Grand Prix,848,ALB,1,18,2:08.468,128468
887,1012,Chinese Grand Prix,848,ALB,2,18,1:43.535,103535
888,1012,Chinese Grand Prix,848,ALB,3,17,1:41.082,101082
889,1012,Chinese Grand Prix,848,ALB,4,16,1:40.795,100795
890,1012,Chinese Grand Prix,848,ALB,5,15,1:41.715,101715
891,1012,Chinese Grand Prix,848,ALB,6,15,1:41.135,101135
892,1012,Chinese Grand Prix,848,ALB,7,14,1:42.145,102145
893,1012,Chinese Grand Prix,848,ALB,8,14,1:41.330,101330
894,1012,Chinese Grand Prix,848,ALB,9,12,1:40.997,100997
895,1012,Chinese Grand Prix,848,ALB,10,12,1:40.676,100676
896,1012,Chinese Grand Prix,848,ALB,11,12,1:40.846,100846
897,1012,Chinese Grand Prix,848,ALB,12,11,1:40.754,100754
898,1012,Chinese Grand Prix,848,ALB,13,11,1:40.632,100632
899,1012,Chinese Grand Prix,848,ALB,14,11,1:40.705,100705
900,1012,Chinese Grand Prix,848,ALB,15,11,1:41.029,101029
901,1012,Chinese Grand Prix,848,ALB,16,11,1:40.938,100938
902,1012,Chinese Grand Prix,848,ALB,17,11,1:41.456,101456
903,1012,Chinese Grand Prix,848,ALB,18,11,1:41.552,101552
904,1012,Chinese Grand Prix,848,ALB,19,11,1:45.813,105813
905,1012,Chinese Grand Prix,848,ALB,20,16,1:57.695,117695
906,1012,Chinese Grand Prix,848,ALB,21,14,1:39.062,99062
907,1012,Chinese Grand Prix,848,ALB,22,14,1:38.901,98901
908,1012,Chinese Grand Prix,848,ALB,23,14,1:39.662,99662
909,1012,Chinese Grand Prix,848,ALB,24,14,1:39.572,99572
910,1012,Chinese Grand Prix,848,ALB,25,13,1:40.107,100107
911,1012,Chinese Grand Prix,848,ALB,26,12,1:40.603,100603
912,1012,Chinese Grand Prix,848,ALB,27,12,1:39.865,99865
913,1012,Chinese Grand Prix,848,ALB,28,12,1:39.705,99705
914,1012,Chinese Grand Prix,848,ALB,29,12,1:39.523,99523
915,1012,Chinese Grand Prix,848,ALB,30,11,1:39.234,99234
916,1012,Chinese Grand Prix,848,ALB,31,11,1:39.399,99399
917,1012,Chinese Grand Prix,848,ALB,32,11,1:39.745,99745
918,1012,Chinese Grand Prix,848,ALB,33,11,1:39.670,99670
919,1012,Chinese Grand Prix,848,ALB,34,11,1:39.204,99204
920,1012,Chinese Grand Prix,848,ALB,35,10,1:39.530,99530
921,1012,Chinese Grand Prix,848,ALB,36,10,1:39.542,99542
922,1012,Chinese Grand Prix,848,ALB,37,10,1:39.629,99629
923,1012,Chinese Grand Prix,848,ALB,38,10,1:39.262,99262
924,1012,Chinese Grand Prix,848,ALB,39,10,1:39.426,99426
925,1012,Chinese Grand Prix,848,ALB,40,10,1:39.388,99388
926,1012,Chinese Grand Prix,848,ALB,41,10,1:39.257,99257
927,1012,Chinese Grand Prix,848,ALB,42,10,1:39.414,99414
928,1012,Chinese Grand Prix,848,ALB,43,10,1:39.371,99371
929,1012,Chinese Grand Prix,848,ALB,44,10,1:39.587,99587
930,1012,Chinese Grand Prix,848,ALB,45,10,1:40.559,100559
931,1012,Chinese Grand Prix,848,ALB,46,10,1:39.853,99853
932,1012,Chinese Grand Prix,848,ALB,47,10,1:40.853,100853
933,1012,Chinese Grand Prix,848,ALB,48,10,1:40.279,100279
934,1012,Chinese Grand Prix,848,ALB,49,10,1:38.946,98946
935,1012,Chinese Grand Prix,848,ALB,50,10,1:39.451,99451
936,1012,Chinese Grand Prix,848,ALB,51,10,1:39.250,99250
937,1012,Chinese Grand Prix,848,ALB,52,10,1:40.508,100508
938,1012,Chinese Grand Prix,848,ALB,53,10,1:39.760,99760
939,1012,Chinese Grand Prix,848,ALB,54,10,1:39.183,99183
940,1012,Chinese Grand Prix,848,ALB,55,10,1:40.057,100057
941,1012,Chinese Grand Prix,832,SAI,1,19,2:11.900,131900
942,1012,Chinese Grand Prix,832,SAI,2,19,2:21.056,141056
943,1012,Chinese Grand Prix,832,SAI,3,19,1:39.731,99731
944,1012,Chinese Grand Prix,832,SAI,4,19,1:40.206,100206
945,1012,Chinese Grand Prix,832,SAI,5,19,1:40.418,100418
946,1012,Chinese Grand Prix,832,SAI,6,19,1:40.702,100702
947,1012,Chinese Grand Prix,832,SAI,7,19,1:40.266,100266
948,1012,Chinese Grand Prix,832,SAI,8,19,1:40.228,100228
949,1012,Chinese Grand Prix,832,SAI,9,19,1:40.548,100548
950,1012,Chinese Grand Prix,832,SAI,10,19,1:40.269,100269
951,1012,Chinese Grand Prix,832,SAI,11,19,1:40.370,100370
952,1012,Chinese Grand Prix,832,SAI,12,19,1:40.593,100593
953,1012,Chinese Grand Prix,832,SAI,13,19,1:40.410,100410
954,1012,Chinese Grand Prix,832,SAI,14,19,1:40.188,100188
955,1012,Chinese Grand Prix,832,SAI,15,19,1:40.341,100341
956,1012,Chinese Grand Prix,832,SAI,16,19,1:40.226,100226
957,1012,Chinese Grand Prix,832,SAI,17,18,1:40.130,100130
958,1012,Chinese Grand Prix,832,SAI,18,18,1:39.948,99948
959,1012,Chinese Grand Prix,832,SAI,19,18,1:40.451,100451
960,1012,Chinese Grand Prix,832,SAI,20,17,1:40.288,100288
961,1012,Chinese Grand Prix,832,SAI,21,17,1:40.564,100564
962,1012,Chinese Grand Prix,832,SAI,22,16,1:40.785,100785
963,1012,Chinese Grand Prix,832,SAI,23,16,1:40.295,100295
964,1012,Chinese Grand Prix,832,SAI,24,16,1:39.928,99928
965,1012,Chinese Grand Prix,832,SAI,25,16,1:40.236,100236
966,1012,Chinese Grand Prix,832,SAI,26,15,1:40.124,100124
967,1012,Chinese Grand Prix,832,SAI,27,15,1:40.091,100091
968,1012,Chinese Grand Prix,832,SAI,28,15,1:40.187,100187
969,1012,Chinese Grand Prix,832,SAI,29,15,1:40.082,100082
970,1012,Chinese Grand Prix,832,SAI,30,14,1:40.663,100663
971,1012,Chinese Grand Prix,832,SAI,31,14,1:40.443,100443
972,1012,Chinese Grand Prix,832,SAI,32,14,1:41.773,101773
973,1012,Chinese Grand Prix,832,SAI,33,14,1:40.799,100799
974,1012,Chinese Grand Prix,832,SAI,34,13,1:41.857,101857
975,1012,Chinese Grand Prix,832,SAI,35,13,1:40.515,100515
976,1012,Chinese Grand Prix,832,SAI,36,14,1:45.356,105356
977,1012,Chinese Grand Prix,832,SAI,37,15,1:57.822,117822
978,1012,Chinese Grand Prix,832,SAI,38,15,1:40.006,100006
979,1012,Chinese Grand Prix,832,SAI,39,15,1:38.067,98067
980,1012,Chinese Grand Prix,832,SAI,40,15,1:38.151,98151
981,1012,Chinese Grand Prix,832,SAI,41,15,1:38.504,98504
982,1012,Chinese Grand Prix,832,SAI,42,15,1:37.918,97918
983,1012,Chinese Grand Prix,832,SAI,43,15,1:37.543,97543
984,1012,Chinese Grand Prix,832,SAI,44,15,1:37.502,97502
985,1012,Chinese Grand Prix,832,SAI,45,15,1:38.599,98599
986,1012,Chinese Grand Prix,832,SAI,46,15,1:38.219,98219
987,1012,Chinese Grand Prix,832,SAI,47,15,1:38.087,98087
988,1012,Chinese Grand Prix,832,SAI,48,15,1:37.749,97749
989,1012,Chinese Grand Prix,832,SAI,49,15,1:38.054,98054
990,1012,Chinese Grand Prix,832,SAI,50,15,1:38.047,98047
991,1012,Chinese Grand Prix,832,SAI,51,15,1:38.164,98164
992,1012,Chinese Grand Prix,832,SAI,52,15,1:38.449,98449
993,1012,Chinese Grand Prix,832,SAI,53,14,1:38.947,98947
994,1012,Chinese Grand Prix,832,SAI,54,14,1:38.366,98366
995,1012,Chinese Grand Prix,832,SAI,55,14,1:38.938,98938
996,1012,Chinese Grand Prix,846,NOR,1,20,2:18.254,138254
997,1012,Chinese Grand Prix,846,NOR,2,20,2:26.586,146586
998,1012,Chinese Grand Prix,846,NOR,3,20,1:39.921,99921
999,1012,Chinese Grand Prix,846,NOR,4,20,1:40.193,100193
1000,1012,Chinese Grand Prix,846,NOR,5,20,1:40.526,100526
1001,1012,Chinese Grand Prix,846,NOR,6,20,1:40.603,100603
1002,1012,Chinese Grand Prix,846,NOR,7,20,1:40.553,100553
1003,1012,Chinese Grand Prix,846,NOR,8,20,1:40.499,100499
1004,1012,Chinese Grand Prix,846,NOR,9,20,1:40.362,100362
1005,1012,Chinese Grand Prix,846,NOR,10,20,1:40.589,100589
1006,1012,Chinese Grand Prix,846,NOR,11,20,1:40.572,100572
1007,1012,Chinese Grand Prix,846,NOR,12,20,1:40.807,100807
1008,1012,Chinese Grand Prix,846,NOR,13,20,1:40.397,100397
1009,1012,Chinese Grand Prix,846,NOR,14,20,1:40.198,100198
1010,1012,Chinese Grand Prix,846,NOR,15,20,1:40.365,100365
1011,1012,Chinese Grand Prix,846,NOR,16,20,1:41.056,101056
1012,1012,Chinese Grand Prix,846,NOR,17,19,1:47.516,107516
1013,1012,Chinese Grand Prix,846,NOR,18,19,2:12.322,132322
1014,1012,Chinese Grand Prix,846,NOR,19,19,1:39.181,99181
1015,1012,Chinese Grand Prix,846,NOR,20,19,1:39.223,99223
1016,1012,Chinese Grand Prix,846,NOR,21,19,1:39.347,99347
1017,1012,Chinese Grand Prix,846,NOR,22,19,1:39.321,99321
1018,1012,Chinese Grand Prix,846,NOR,23,19,1:39.742,99742
1019,1012,Chinese Grand Prix,846,NOR,24,19,1:41.412,101412
1020,1012,Chinese Grand Prix,846,NOR,25,19,1:39.620,99620
1021,1012,Chinese Grand Prix,846,NOR,26,19,1:39.472,99472
1022,1012,Chinese Grand Prix,846,NOR,27,18,1:39.445,99445
1023,1012,Chinese Grand Prix,846,NOR,28,18,1:39.417,99417
1024,1012,Chinese Grand Prix,846,NOR,29,18,1:39.773,99773
1025,1012,Chinese Grand Prix,846,NOR,30,18,1:39.595,99595
1026,1012,Chinese Grand Prix,846,NOR,31,18,1:42.091,102091
1027,1012,Chinese Grand Prix,846,NOR,32,18,1:40.413,100413
1028,1012,Chinese Grand Prix,846,NOR,33,18,1:39.882,99882
1029,1012,Chinese Grand Prix,846,NOR,34,18,1:44.551,104551
1030,1012,Chinese Grand Prix,846,NOR,35,19,2:00.214,120214
1031,1012,Chinese Grand Prix,846,NOR,36,19,1:38.530,98530
1032,1012,Chinese Grand Prix,846,NOR,37,19,1:38.346,98346
1033,1012,Chinese Grand Prix,846,NOR,38,19,1:38.442,98442
1034,1012,Chinese Grand Prix,846,NOR,39,19,1:38.797,98797
1035,1012,Chinese Grand Prix,846,NOR,40,19,1:38.910,98910
1036,1012,Chinese Grand Prix,846,NOR,41,19,1:41.656,101656
1037,1012,Chinese Grand Prix,846,NOR,42,18,1:39.653,99653
1038,1012,Chinese Grand Prix,846,NOR,43,17,1:40.052,100052
1039,1012,Chinese Grand Prix,846,NOR,44,17,1:39.227,99227
1040,1012,Chinese Grand Prix,846,NOR,45,17,1:38.885,98885
1041,1012,Chinese Grand Prix,846,NOR,46,17,1:39.979,99979
1042,1012,Chinese Grand Prix,846,NOR,47,17,1:38.811,98811
1043,1012,Chinese Grand Prix,846,NOR,48,17,1:38.877,98877
1044,1012,Chinese Grand Prix,846,NOR,49,17,1:40.835,100835
1045,1012,Chinese Grand Prix,846,NOR,50,16,1:45.912,105912
